{
  "total_breeds": 344,
  "groups": {
    "group1": {
      "count": 43,
      "breeds": [
        "AUSTRALIAN_CATTLE_DOG",
        "AUSTRALIAN_KELPIE",
        "AUSTRALIAN_SHEPHERD",
        "BEARDED_COLLIE",
        "BERGER_BLANC_SUISSE",
        "BERGER_DE_BEAUCE",
        "BERGER_DE_BRIE",
        "BERGER_DE_PICARDIE",
        "BORDER_COLLIE",
        "BOUVIER_DES_ARDENNES",
        "BOUVIER_DES_FLANDRES_VLAAMSE_KOEHOND",
        "CANE_DA_PASTORE_BERGAMASCO",
        "CANE_DA_PASTORE_MAREMMANO_ABRUZZESE",
        "CAO_DA_SERRA_DE_AIRES",
        "CA_DE_BESTIAR",
        "CESKOSLOVENSKY_VLCIAK",
        "CHIEN_DE_BERGER_BELGE",
        "CHIEN_DE_BERGER_DES_PYRENEES_A_FACE_RASE",
        "CHIEN_DE_BERGER_DES_PYRENEES_A_POIL_LONG",
        "CIOBANESC_ROMANESC_CARPATIN",
        "CIOBANESC_ROMANESC_MIORITIC",
        "COLLIE_ROUGH",
        "COLLIE_SMOOTH",
        "DEUTSCHER_SCHAFERHUND",
        "GOS_DATURA_CATALA",
        "HOLLANDSE_HERDERSHOND",
        "HRVATSKI_OVCAR",
        "KOMONDOR",
        "KUVASZ",
        "MUDI",
        "NEDERLANDSE_SCHAPENDOES",
        "OLD_ENGLISH_SHEEPDOG",
        "POLSKI_OWCZAREK_NIZINNY",
        "POLSKI_OWCZAREK_PODHALANSKI",
        "PULI",
        "PUMI",
        "SAARLOOSWOLFHOND",
        "SCHIPPERKE",
        "SHETLAND_SHEEPDOG",
        "SLOVENSKY_CUVAC",
        "WELSH_CORGI",
        "WELSH_CORGI_PEMBROKE",
        "YUZHNORUSSKAYA_OVCHARKA"
      ]
    },
    "group2": {
      "count": 53,
      "breeds": [
        "AFFENPINSCHER",
        "AIDI",
        "APPENZELLER_SENNENHUND",
        "BERNER_SENNENHUND",
        "BROHOLMER",
        "BULLDOG",
        "BULLMASTIFF",
        "CANE_CORSO_ITALIANO",
        "CAO_DA_SERRA_DA_ESTRELA",
        "CAO_DE_CASTRO_LABOREIRO",
        "CAO_FILA_DE_SAO_MIGUEL",
        "CHIEN_DE_MONTAGNE_DES_PYRENEES",
        "CIMARRON_URUGUAYO",
        "CIOBANESC_ROMANESC_DE_BUCOVINA",
        "DANSK_SVENSK_GARDSHUND",
        "DEUTSCHER_BOXER",
        "DEUTSCHER_PINSCHER",
        "DEUTSCHE_DOGGE",
        "DOBERMANN",
        "DOGO_ARGENTINO",
        "DOGUE_DE_BORDEAUX",
        "DO_KHYI",
        "ENTLEBUCHER_SENNENHUND",
        "FILA_BRASILEIRO",
        "GROSSER_SCHWEIZER_SENNENHUND",
        "HOLLANDSE_SMOUSHOND",
        "HOVAWART",
        "JUGOSLOVENSKI_OVCARSKI_PAS_SARPLANINAC",
        "KANGAL_COBAN_KOPEGI",
        "KAVKAZSKAIA_OVTCHARKA",
        "KRASKI_OVCAR",
        "LANDSEER",
        "LEONBERGER",
        "MASTIFF",
        "MASTINO_NAPOLETANO",
        "MASTIN_DEL_PIRINEO",
        "MASTIN_ESPANOL",
        "NEWFOUNDLAND",
        "OSTERREICHISCHER_PINSCHER",
        "PERRO_DOGO_MALLORQUIN",
        "PRESA_CANARIO",
        "RAFEIRO_DO_ALENTEJO",
        "RIESENSCHNAUZER",
        "ROTTWEILER",
        "RUSSKIY_TCHIORNY_TERRIER",
        "SCHNAUZER",
        "SHAR_PEI",
        "SREDNEASIATSKAYA_OVTCHARKA",
        "STBERNHARDSHUND_BERNHARDINER",
        "TORNJAK",
        "TOSA",
        "ZWERGPINSCHER",
        "ZWERGSCHNAUZER"
      ]
    },
    "group3": {
      "count": 34,
      "breeds": [
        "AIREDALE_TERRIER",
        "AMERICAN_STAFFORDSHIRE_TERRIER",
        "AUSTRALIAN_SILKY_TERRIER",
        "AUSTRALIAN_TERRIER",
        "BEDLINGTON_TERRIER",
        "BORDER_TERRIER",
        "BULL_TERRIER",
        "CAIRN_TERRIER",
        "CESKY_TERIER",
        "DANDIE_DINMONT_TERRIER",
        "DEUTSCHER_JAGDTERRIER",
        "ENGLISH_TOY_TERRIER",
        "FOX_TERRIER",
        "FOX_TERRIER_2",
        "IRISH_GLEN_OF_IMAAL_TERRIER",
        "IRISH_SOFT_COATED_WHEATEN_TERRIER",
        "IRISH_TERRIER",
        "JACK_RUSSELL_TERRIER",
        "KERRY_BLUE_TERRIER",
        "LAKELAND_TERRIER",
        "MANCHESTER_TERRIER",
        "MINIATURE_BULL_TERRIER",
        "NIHON_TERIA",
        "NORFOLK_TERRIER",
        "NORWICH_TERRIER",
        "PARSON_RUSSELL_TERRIER",
        "SCOTTISH_TERRIER",
        "SEALYHAM_TERRIER",
        "SKYE_TERRIER",
        "STAFFORDSHIRE_BULL_TERRIER",
        "TERRIER_BRASILEIRO",
        "WELSH_TERRIER",
        "WEST_HIGHLAND_WHITE_TERRIER",
        "YORKSHIRE_TERRIER"
      ]
    },
    "group4": {
      "count": 1,
      "breeds": [
        "DACHSHUND"
      ]
    },
    "group5": {
      "count": 46,
      "breeds": [
        "AKITA",
        "ALASKAN_MALAMUTE",
        "AMERICAN_AKITA",
        "BASENJI",
        "CANAAN_DOG",
        "CANADIAN_ESKIMO_DOG",
        "CHOW_CHOW",
        "CIRNECO_DELLETNA",
        "DEUTSCHER_SPITZ",
        "EURASIER",
        "GRONLANDSHUND",
        "HOKKAIDO",
        "ISLENSKUR_FJARHUNDUR",
        "JAMTHUND",
        "KAI",
        "KARJALANKARHUKOIRA",
        "KISHU",
        "KOREA_JINDO_DOG",
        "LAPINPOROKOIRA",
        "NIHON_SUPITTSU",
        "NORRBOTTENSPETS",
        "NORSK_BUHUND",
        "NORSK_ELGHUND_GRA",
        "NORSK_ELGHUND_SORT",
        "NORSK_LUNDEHUND",
        "PERRO_SIN_PELO_DEL_PERU",
        "PHARAOH_HOUND",
        "PODENCO_CANARIO",
        "PODENCO_IBICENCO",
        "PODENGO_PORTUGUES",
        "RUSSKO_EVROPEISKAIA_LAIKA",
        "SAMOIEDSKAIA_SABAKA",
        "SHIBA",
        "SHIKOKU",
        "SIBERIAN_HUSKY",
        "SUOMENLAPINKOIRA",
        "SUOMENPYSTYKORVA",
        "SVENSK_LAPPHUND",
        "TAIWAN_DOG",
        "THAI_BANGKAEW_DOG",
        "THAI_RIDGEBACK_DOG",
        "VASTGOTASPETS",
        "VOLPINO_ITALIANO",
        "VOSTOTCHNO_SIBIRSKAIA_LAIKA",
        "XOLOITZCUINTLE",
        "ZAPADNO_SIBIRSKAIA_LAIKA"
      ]
    },
    "group6": {
      "count": 70,
      "breeds": [
        "ALPENLANDISCHE_DACHSBRACKE",
        "AMERICAN_FOXHOUND",
        "ANGLO_FRANCAIS_DE_PETITE_VENERIE",
        "ARIEGEOIS",
        "BASSET_ARTESIEN_NORMAND",
        "BASSET_BLEU_DE_GASCOGNE",
        "BASSET_FAUVE_DE_BRETAGNE",
        "BASSET_HOUND",
        "BAYERISCHER_GEBIRGSSCHWEISSHUND",
        "BEAGLE",
        "BEAGLE_HARRIER",
        "BILLY",
        "BLACK_AND_TAN_COONHOUND",
        "BOSANSKI_OSTRODLAKI_GONIC_BARAK",
        "BRANDLBRACKE",
        "BRIQUET_GRIFFON_VENDEEN",
        "CHIEN_DARTOIS",
        "CHIEN_DE_SAINT_HUBERT",
        "CRNOGORSKI_PLANINSKI_GONIC",
        "DALMATINSKI_PAS",
        "DEUTSCHE_BRACKE",
        "DREVER",
        "DUNKER",
        "ENGLISH_FOXHOUND",
        "ERDELYI_KOPO",
        "FRANCAIS_BLANC_ET_NOIR",
        "FRANCAIS_BLANC_ET_ORANGE",
        "FRANCAIS_TRICOLORE",
        "GASCON_SAINTONGEOIS",
        "GONCZY_POLSKI",
        "GRAND_ANGLO_FRANCAIS_BLANC_ET_NOIR",
        "GRAND_ANGLO_FRANCAIS_BLANC_ET_ORANGE",
        "GRAND_ANGLO_FRANCAIS_TRICOLORE",
        "GRAND_BASSET_GRIFFON_VENDEEN",
        "GRAND_BLEU_DE_GASCOGNE",
        "GRAND_GRIFFON_VENDEEN",
        "GRIFFON_BLEU_DE_GASCOGNE",
        "GRIFFON_FAUVE_DE_BRETAGNE",
        "GRIFFON_NIVERNAIS",
        "HALDENSTOVER",
        "HAMILTONSTOVARE",
        "HANNOVERSCHER_SCHWEISSHUND",
        "HARRIER",
        "HELLINIKOS_ICHNILATIS",
        "HYGENHUND",
        "ISTARSKI_KRATKODLAKI_GONIC",
        "ISTARSKI_OSTRODLAKI_GONIC",
        "OGAR_POLSKI",
        "OTTERHOUND",
        "PETIT_BASSET_GRIFFON_VENDEEN",
        "PETIT_BLEU_DE_GASCOGNE",
        "POITEVIN",
        "PORCELAINE",
        "POSAVSKI_GONIC",
        "RASTREADOR_BRASILEIRO",
        "RHODESIAN_RIDGEBACK",
        "SABUESO_ESPANOL",
        "SCHILLERSTOVARE",
        "SCHWEIZER_LAUFHUND_CHIEN_COURANT_SUISSE",
        "SCHWEIZER_NIEDERLAUFHUND",
        "SEGUGIO_ITALIANO_A_PELO_FORTE",
        "SEGUGIO_ITALIANO_A_PELO_RASO",
        "SLOVENSKY_KOPOV",
        "SMALANDSSTOVARE",
        "SRPSKI_GONIC",
        "SRPSKI_TROBOJNI_GONIC",
        "STEIRISCHE_RAUHHAARBRACKE",
        "SUOMENAJOKOIRA",
        "TIROLER_BRACKE",
        "WESTFALISCHE_DACHSBRACKE"
      ]
    },
    "group7": {
      "count": 36,
      "breeds": [
        "BRACCO_ITALIANO",
        "BRAQUE_DAUVERGNE",
        "BRAQUE_DE_LARIEGE",
        "BRAQUE_DU_BOURBONNAIS",
        "BRAQUE_FRANCAIS_TYPE_GASCOGNE",
        "BRAQUE_FRANCAIS_TYPE_PYRENEES",
        "BRAQUE_SAINT_GERMAIN",
        "CESKY_FOUSEK",
        "DEUTSCH_DRAHTHAAR",
        "DEUTSCH_KURZHAAR",
        "DEUTSCH_LANGHAAR",
        "DEUTSCH_STICHELHAAR",
        "DRENTSCHE_PATRIJSHOND",
        "DROTZORU_MAGYAR_VIZSLA",
        "ENGLISH_POINTER",
        "ENGLISH_SETTER",
        "EPAGNEUL_BLEU_DE_PICARDIE",
        "EPAGNEUL_BRETON",
        "EPAGNEUL_DE_PONT_AUDEMER",
        "EPAGNEUL_FRANCAIS",
        "EPAGNEUL_PICARD",
        "GAMMEL_DANSK_HONSEHUND",
        "GORDON_SETTER",
        "GRIFFON_A_POIL_DUR_KORTHALS",
        "GROSSER_MUNSTERLANDER_VORSTEHHUND",
        "IRISH_RED_AND_WHITE_SETTER",
        "IRISH_RED_SETTER",
        "KLEINER_MUNSTERLANDER",
        "PERDIGUEIRO_PORTUGUES",
        "PERDIGUERO_DE_BURGOS",
        "PUDELPOINTER",
        "ROVIDSZORU_MAGYAR_VIZSLA",
        "SLOVENSKY_HRUBOSRSTY_STAVAC",
        "SPINONE_ITALIANO",
        "STABIJHOUN",
        "WEIMARANER"
      ]
    },
    "group8": {
      "count": 22,
      "breeds": [
        "AMERICAN_COCKER_SPANIEL",
        "AMERICAN_WATER_SPANIEL",
        "BARBET",
        "CAO_DE_AGUA_PORTUGUES",
        "CHESAPEAKE_BAY_RETRIEVER",
        "CLUMBER_SPANIEL",
        "CURLY_COATED_RETRIEVER",
        "DEUTSCHER_WACHTELHUND",
        "ENGLISH_COCKER_SPANIEL",
        "ENGLISH_SPRINGER_SPANIEL",
        "FIELD_SPANIEL",
        "FLAT_COATED_RETRIEVER",
        "GOLDEN_RETRIEVER",
        "IRISH_WATER_SPANIEL",
        "LABRADOR_RETRIEVER",
        "LAGOTTO_ROMAGNOLO",
        "NEDERLANDSE_KOOIKERHONDJE",
        "NOVA_SCOTIA_DUCK_TOLLING_RETRIEVER",
        "PERRO_DE_AGUA_ESPANOL",
        "SUSSEX_SPANIEL",
        "WELSH_SPRINGER_SPANIEL",
        "WETTERHOUN"
      ]
    },
    "group9": {
      "count": 26,
      "breeds": [
        "BICHON_A_POIL_FRISE",
        "BICHON_HAVANAIS",
        "BOLOGNESE",
        "BOSTON_TERRIER",
        "BOULEDOGUE_FRANCAIS",
        "CANICHE",
        "CAVALIER_KING_CHARLES_SPANIEL",
        "CHIHUAHUENO",
        "CHIN",
        "CHINESE_CRESTED_DOG",
        "COTON_DE_TULEAR",
        "EPAGNEUL_NAIN_CONTINENTAL",
        "GRIFFON_BELGE",
        "GRIFFON_BRUXELLOIS",
        "KING_CHARLES_SPANIEL",
        "KROMFOHRLANDER",
        "LHASA_APSO",
        "MALTESE",
        "PEKINGESE",
        "PETIT_BRABANCON",
        "PETIT_CHIEN_LION",
        "PUG",
        "RUSSKIY_TOY",
        "SHIH_TZU",
        "TIBETAN_SPANIEL",
        "TIBETAN_TERRIER"
      ]
    },
    "group10": {
      "count": 13,
      "breeds": [
        "AFGHAN_HOUND",
        "AZAWAKH",
        "CHART_POLSKI",
        "DEERHOUND",
        "GALGO_ESPANOL",
        "GREYHOUND",
        "IRISH_WOLFHOUND",
        "MAGYAR_AGAR",
        "PICCOLO_LEVRIERO_ITALIANO",
        "RUSSKAYA_PSOVAYA_BORZAYA",
        "SALUKI",
        "SLOUGHI",
        "WHIPPET"
      ]
    }
  },
  "generated_at": "2025-08-17T22:43:36.038318"
}